,제목,가격,판매지수,출판년월,연도,월
0,내면 근력,19800,"판매지수 87,186",2026-04-01,2026,4
1,프로젝트 헤일메리,19800,"판매지수 655,119",2026-02-01,2026,2
2,"2026 큰별쌤 최태성의 별별한국사 기출 500제 한국사능력검정시험 심화(1,2,3급)",19800,"판매지수 319,287",2025-12-01,2025,12
3,안녕이라 그랬어,15120,"판매지수 559,926",2025-06-01,2025,6
4,니체의 초월자,15210,"판매지수 281,919",2025-10-01,2025,10
5,품격 있는 대화를 위한 지식 브리핑,22500,"판매지수 163,380",2026-04-01,2026,4
6,정재승의 로봇 탐구 보고서 1,15120,"판매지수 29,550",2026-05-01,2026,5
7,인생을 위한 최소한의 생각,17820,"판매지수 309,213",2026-02-01,2026,2
8,Go Go 카카오프렌즈 40 몽골,15210,"판매지수 5,340",2026-05-01,2026,5
9,구멍청,15300,"판매지수 95,457",2026-05-01,2026,5
10,2026 선재국어 최우선 봉투 모의고사,22500,"판매지수 181,329",2026-04-01,2026,4
11,바다에서 온 소년,17820,"판매지수 78,414",2026-04-01,2026,4
12,괴테는 모든 것을 말했다,15300,"판매지수 414,846",2025-11-01,2025,11
13,완벽한 원시인,19800,"판매지수 194,091",2026-03-01,2026,3
14,2026 심우철 실전 동형 모의고사 Season 4,13500,"판매지수 24,720",2026-05-01,2026,5
15,"2026 큰별쌤 최태성의 별별한국사 한국사능력검정시험 심화(1,2,3급) 상",17100,"판매지수 425,346",2025-12-01,2025,12
16,싯다르타,7200,"판매지수 199,374",2002-01-01,2002,1
17,이향인,15210,"판매지수 91,275",2026-03-01,2026,3
18,흔한남매 22,15120,"판매지수 209,625",2026-04-01,2026,4
19,모순,11700,"판매지수 467,991",2013-04-01,2013,4
20,"2026 큰별쌤 최태성의 별별한국사 한국사능력검정시험 심화(1,2,3급) 하",16650,"판매지수 397,683",2025-12-01,2025,12
21,제미나이 주식투자,18000,"판매지수 71,256",2026-04-01,2026,4
22,위버멘쉬,16020,"판매지수 424,260",2025-03-01,2025,3
23,21세기 대군부인 대본집 세트,54000,"판매지수 144,297",2026-05-01,2026,5
24,사춘기 엄마의 오장육부,16020,"판매지수 72,477",2026-04-01,2026,4
25,체호프 단편선,8100,"판매지수 42,081",2002-11-01,2002,11
26,거꾸로 가는 하나님 나라,16200,"판매지수 40,857",2026-05-01,2026,5
27,1+1 편의점에 간 나폴레옹,13500,"판매지수 4,188",2026-05-01,2026,5
28,세금 아는 형의 세무조사 이야기,18000,"판매지수 16,920",2026-05-01,2026,5
29,오후의 마지막 잔디,13500,"판매지수 41,631",2026-04-01,2026,4
30,박곰희 연금 부자 수업,18900,"판매지수 541,560",2025-06-01,2025,6
31,백지 앞에서,15750,"판매지수 63,411",2026-04-01,2026,4
32,누구나 오를 종목을 찾는 급등의 법칙,22500,"판매지수 32,643",2026-05-01,2026,5
33,진보를 위한 주식투자,19800,"판매지수 318,048",2025-12-01,2025,12
34,ETS 토익 정기시험 기출문제집 1000 Vol. 5 RC,19800,"판매지수 233,910",2025-12-01,2025,12
35,자몽살구클럽,10800,"판매지수 350,778",2025-07-01,2025,7
36,포켓몬 생태도감,13500,"판매지수 81,480",2026-04-01,2026,4
37,오늘부터 300일,14850,"판매지수 23,727",2021-03-01,2021,3
38,월드클래스,19800,"판매지수 20,514",2026-04-01,2026,4
39,심리학은 어떻게 삶의 무기가 되는가,16920,"판매지수 33,285",2026-05-01,2026,5
40,돈의 심리학 (50만 부 기념 뉴 에디션),22320,"판매지수 114,351",2026-01-01,2026,1
41,무례한 세상에서 나를 지키는 법,17820,"판매지수 162,768",2026-03-01,2026,3
42,이더리움 없는 미래는 없다,28800,"판매지수 8,190",2026-05-01,2026,5
43,말하지 않고 말하기,21600,"판매지수 24,252",2026-05-01,2026,5
44,데미안,7200,"판매지수 151,434",2000-12-01,2000,12
45,2026 심우철 실전 동형 모의고사 Season 3,13500,"판매지수 94,980",2026-04-01,2026,4
46,2026 문동균 한국사 지방직 대비 실전 봉투 모의고사,11700,"판매지수 82,284",2026-04-01,2026,4
47,너를 아끼며 살아라,16650,"판매지수 294,294",2025-06-01,2025,6
48,"AI, 신의 탄생 인간의 종말",19800,"판매지수 52,524",2026-04-01,2026,4
49,나의 완벽한 장례식,17100,"판매지수 199,611",2026-01-01,2026,1
50,나쁜 일이 있어도 나쁜 날은 아니야,15120,"판매지수 90,813",2026-01-01,2026,1
51,ETS 토익 정기시험 기출문제집 1000 Vol. 5 LC,19800,"판매지수 217,701",2025-12-01,2025,12
52,최소한의 세계사,20700,"판매지수 4,440",2026-05-01,2026,5
53,긴긴밤,11250,"판매지수 276,717",2021-02-01,2021,2
54,"하루 한 장, 단단한 삶을 위한 고전 필사 노트",17910,"판매지수 15,387",2026-04-01,2026,4
55,『각자의 우주』 정영한 저자 북토크,5000,"판매지수 2,550",2026-05-01,2026,5
56,어른의 감정을 돌보는 100일 필사 노트,18000,"판매지수 78,531",2026-04-01,2026,4
57,부처님 말씀대로 살아보니,17010,"판매지수 153,942",2026-02-01,2026,2
58,타몬 군 지금 어느 쪽?! 12,5400,"판매지수 74,220",2026-05-01,2026,5
59,"큰별쌤 최태성의 별별한국사 시대별 기출문제집 한국사능력검정시험 심화(1,2,3급)",17730,"판매지수 128,355",2025-06-01,2025,6
60,우리 세희,13500,"판매지수 2,280",2026-05-01,2026,5
61,생각하라 그리고 부자가 되어라,16920,"판매지수 55,494",2026-04-01,2026,4
62,2026 써니 행정법총론 봉투모의고사,10800,"판매지수 67,251",2026-04-01,2026,4
63,살찌지 않는 몸,17820,"판매지수 55,257",2026-03-01,2026,3
64,주식투자 무작정 따라하기,22500,"판매지수 64,482",2026-01-01,2026,1
65,2026 심우철 하프 모의고사 Season 5 : 지방직 대비,11700,"판매지수 54,384",2026-04-01,2026,4
66,처음 읽는 삼국지 4,15120,"판매지수 86,139",2026-04-01,2026,4
67,이게 되네? 제미나이 완전 미친 활용법 81제,21600,"판매지수 79,278",2026-02-01,2026,2
68,듀얼 브레인,18900,"판매지수 166,578",2025-03-01,2025,3
69,돈의 속성 400쇄 리커버,16020,"판매지수 136,911",2020-06-01,2020,6
70,자본주의 시대에서 살아남기 위한 최소한의 경제 공부,25200,"판매지수 169,632",2025-12-01,2025,12
71,행복한 꿀벌 콜레트,15120,"판매지수 46,257",2026-04-01,2026,4
72,"큰별쌤 최태성의 별별한국사 7일의 기적 한국사능력검정시험 심화(1,2,3급)",14850,"판매지수 79,227",2024-04-01,2024,4
73,엄마가 유령이 되었어!,10800,"판매지수 288,093",2016-05-01,2016,5
74,혼모노 (리커버),16200,"판매지수 626,277",2025-03-01,2025,3
75,이지패스 2026 ADsP 데이터분석 준전문가,27000,"판매지수 139,404",2026-01-01,2026,1
76,5번 레인 (30만 부 기념 리커버),12600,"판매지수 153,810",2020-09-01,2020,9
77,인간 실격,8100,"판매지수 110,472",2004-05-01,2004,5
78,아르테미스,17820,"판매지수 90,027",2021-05-01,2021,5
79,2026/27 똑똑한은경쌤 손해평가사 2차 이론서 +100% 무료강의,38700,"판매지수 26,265",2026-04-01,2026,4
80,최소한의 삼국지 (10만 부 기념 도원결의 에디션),17550,"판매지수 324,318",2025-11-01,2025,11
81,마션,17820,"판매지수 88,827",2021-05-01,2021,5
82,소년이 온다,13500,"판매지수 317,877",2014-05-01,2014,5
83,다정한 사람이 이긴다 (스페셜 리커버),17100,"판매지수 168,891",2026-04-01,2026,4
84,코스피 1만 넥스트 레벨,19800,"판매지수 65,001",2026-03-01,2026,3
85,주식 투자를 잘한다는 것,19800,"판매지수 62,121",2026-04-01,2026,4
86,행복할 거야 이래도 되나 싶을 정도로,16200,"판매지수 122,523",2024-07-01,2024,7
87,박지원 8주 완성 키워드반,24700,"판매지수 1,860",2026-05-01,2026,5
88,2026 해커스공무원 비비안 영어 매일 하프모의고사 20회분(9급 공무원),11700,"판매지수 10,764",2026-05-01,2026,5
89,젊은 베르테르의 슬픔,8100,"판매지수 17,190",2026-05-01,2026,5
90,페르세폴리스,28800,"판매지수 36,117",2019-06-01,2019,6
91,해커스 토익 기출 VOCA (보카),11610,"판매지수 288,735",2024-08-01,2024,8
92,최소한의 한국사,17820,"판매지수 163,785",2023-06-01,2023,6
93,"2027 심승아 Simple, Detail 심테일 소방학개론 1",24300,"판매지수 9,438",2026-05-01,2026,5
94,김재우의 기본 동사 100,19800,"판매지수 78,753",2025-12-01,2025,12
95,혼자 공부하는 바이브 코딩 with 클로드 코드,27000,"판매지수 66,585",2025-12-01,2025,12
96,세이노의 가르침,6480,"판매지수 152,103",2023-03-01,2023,3
97,해커스 일본어 첫걸음 : 일본어 기초 20일 독학 완성!,12510,"판매지수 170,763",2024-05-01,2024,5
98,브람스를 좋아하세요...,9000,"판매지수 101,109",2008-05-01,2008,5
99,코스모스,19800,"판매지수 229,773",2006-12-01,2006,12
100,염승환의 ETF 완전 정복,21600,"판매지수 12,780",2026-05-01,2026,5
101,2026 제17회 젊은작가상 수상작품집,6930,"판매지수 87,591",2026-03-01,2026,3
102,할 수 있다! AI 주식 투자,22500,"판매지수 50,064",2026-04-01,2026,4
103,박태웅의 AI 강의 2026,20700,"판매지수 67,050",2026-03-01,2026,3
104,선량한 차별주의자,15300,"판매지수 38,841",2019-07-01,2019,7
105,1984,9900,"판매지수 106,080",2003-06-01,2003,6
106,사일런트 위치 9 extra,9900,"판매지수 1,560",2026-05-01,2026,5
107,부의 사다리에 올라타라,20700,"판매지수 60,789",2026-04-01,2026,4
108,어른의 행복은 조용하다,16020,"판매지수 407,220",2024-11-01,2024,11
109,왜 일하는가,16200,"판매지수 102,606",2021-04-01,2021,4
110,이기적 유전자 The Selfish Gene,18000,"판매지수 149,961",2018-10-01,2018,10
111,"끝까지 해 보자, 때밀이 장갑!",13500,"판매지수 45,474",2026-04-01,2026,4
112,돈의 방정식,25200,"판매지수 142,881",2026-01-01,2026,1
113,운명을 보는 기술,16920,"판매지수 131,634",2025-10-01,2025,10
114,쇼펜하우어 인생수업 (30만 부 기념 개정증보판),15750,"판매지수 159,582",2024-02-01,2024,2
115,체인소 맨 23,5400,"판매지수 15,060",2026-05-01,2026,5
116,2026/27 똑똑한은경쌤 손해평가사 2차 문제집 +100% 무료강의,31500,"판매지수 30,378",2026-04-01,2026,4
117,에그박사 18,15120,"판매지수 66,483",2026-04-01,2026,4
118,나나 올리브에게,13500,"판매지수 97,545",2025-11-01,2025,11
119,팩트풀니스,21420,"판매지수 123,192",2024-09-01,2024,9
120,아몬드 (청소년판),15120,"판매지수 99,723",2023-07-01,2023,7
121,컬러 몬스터,13500,"판매지수 32,373",2020-11-01,2020,11
122,도스토옙스키 번역 일기,25200,"판매지수 4,425",2026-05-01,2026,5
123,흔한남매 과학 탐험대 17 뇌와 호르몬,15120,"판매지수 76,515",2026-04-01,2026,4
124,평생 월 500만 원 받는 월배당 ETF,20700,"판매지수 56,796",2026-03-01,2026,3
125,마음의 주인은 언제나 나야,16920,"판매지수 66,591",2026-03-01,2026,3
126,여덟 단어,15300,"판매지수 96,222",2023-06-01,2023,6
127,급류,12600,"판매지수 226,029",2022-12-01,2022,12
128,나는 소망한다 내게 금지된 것을,13500,"판매지수 112,989",2019-04-01,2019,4
129,이방인,9000,"판매지수 105,708",2011-03-01,2011,3
130,오만과 편견,11700,"판매지수 54,792",2003-09-01,2003,9
131,폭풍이 온다,28800,"판매지수 2,160",2026-05-01,2026,5
132,축적과 발산,16650,"판매지수 3,420",2026-05-01,2026,5
133,『정재승의 로봇 탐구 보고서 1』 정재승 교수 강연회,5000,"판매지수 1,620",2026-05-01,2026,5
134,향기로운 꽃은 늠름하게 핀다 19 더블특전판,5400,"판매지수 80,754",2026-04-01,2026,4
135,손절사회,18900,"판매지수 10,629",2026-04-01,2026,4
136,세종의 나라 1,19800,"판매지수 76,269",2026-02-01,2026,2
137,만능문장으로 끝내는 토익스피킹 시계토끼 올인원 기본서,19980,"판매지수 45,279",2025-12-01,2025,12
138,다크 심리학,19710,"판매지수 251,850",2025-07-01,2025,7
139,작별하지 않는다,15120,"판매지수 165,768",2021-09-01,2021,9
140,꽃을 보듯 너를 본다,11700,"판매지수 104,046",2015-06-01,2015,6
141,자본주의,19800,"판매지수 88,923",2013-09-01,2013,9
142,동물농장,7200,"판매지수 75,063",2001-02-01,2001,2
143,디그 잇 2 더블특전판,6300,"판매지수 12,690",2026-05-01,2026,5
144,색연필로 피어나는 열매와 꽃 그림 컬러링북,16200,"판매지수 2,130",2026-05-01,2026,5
145,네가 어떤 삶을 살든 나는 너를 응원할 것이다 2,17100,"판매지수 9,240",2026-05-01,2026,5
146,열혈강호 95,4950,"판매지수 41,574",2026-04-01,2026,4
147,다만 너이기 때문에,16200,"판매지수 10,452",2026-04-01,2026,4
148,세종의 나라 2,19800,"판매지수 72,123",2026-02-01,2026,2
149,너를 미워할 시간에 나를 사랑하기로 했다,16920,"판매지수 159,084",2024-11-01,2024,11
150,너에게 들려주는 단단한 말,16200,"판매지수 157,131",2024-07-01,2024,7
151,뿐이 토핑 이유식,26820,"판매지수 76,266",2024-03-01,2024,3
152,총 균 쇠,26820,"판매지수 127,920",2023-05-01,2023,5
153,바깥은 여름,14400,"판매지수 75,486",2017-06-01,2017,6
154,아름다운 초저녁달 10,5400,"판매지수 20,460",2026-05-01,2026,5
155,딱 1년만 미쳐라,17820,"판매지수 52,017",2026-03-01,2026,3
156,빅터 프랭클의 죽음의 수용소에서,10800,"판매지수 48,375",2026-01-01,2026,1
157,11일에 완성하는 서경석의 다이어트 한국사능력검정시험 심화(1·2·3급),18000,"판매지수 41,109",2026-01-01,2026,1
158,어른의 품격을 채우는 100일 필사 노트,18000,"판매지수 292,623",2025-03-01,2025,3
159,김재우의 기초 영어회화 100,17010,"판매지수 105,702",2024-12-01,2024,12
160,SQL 자격검정 실전문제,17460,"판매지수 87,918",2023-12-01,2023,12
161,해커스 일본어 첫걸음 히라가나 가타카나 쓰기노트,7200,"판매지수 95,625",2024-06-01,2024,6
162,낭만적 연애와 그 후의 일상,15300,"판매지수 18,684",2016-08-01,2016,8
163,나의 사탄,11700,"판매지수 23,493",2026-04-01,2026,4
164,흔한남매 방방곡곡 한국사 1,15120,"판매지수 98,172",2026-03-01,2026,3
165,세상 대신 샌드백을 때리기로 했습니다,16020,"판매지수 1,140",2026-05-01,2026,5
166,스페이스X 일론 머스크,23400,"판매지수 18,582",2026-04-01,2026,4
167,2026 이유진 국어 화제의 모의고사,18000,"판매지수 52,803",2026-04-01,2026,4
168,2026 문동균 한국사 D-30 문단속 모의고사,14400,"판매지수 68,697",2026-02-01,2026,2
169,어른의 그릇,17100,"판매지수 31,824",2026-02-01,2026,2
170,절창 切創,16200,"판매지수 274,782",2025-09-01,2025,9
171,기억 전달자,14400,"판매지수 74,514",2024-03-01,2024,3
172,내 식탁 위의 개,16200,"판매지수 14,316",2023-12-01,2023,12
173,초판본 어린왕자,2700,"판매지수 83,223",2021-10-01,2021,10
174,라오어의 미국주식 무한매수법,14400,"판매지수 53,586",2021-06-01,2021,6
175,불안,16200,"판매지수 58,773",2011-12-01,2011,12
176,위대한 개츠비,8100,"판매지수 46,992",2003-05-01,2003,5
177,[예스리커버] 미술관에 간 할미,18900,"판매지수 112,935",2025-06-01,2025,6
178,1학년 한글 떼기,12600,"판매지수 69,669",2024-03-01,2024,3
179,오가미 츠미키와 기일상 6,5400,"판매지수 6,720",2026-05-01,2026,5
180,코스피 1만 투자 지도,19800,"판매지수 10,113",2026-05-01,2026,5
181,가르쳐줘 집사 1,6300,"판매지수 26,724",2026-04-01,2026,4
182,"AI 버블, 반도체 실전 투자법",36000,"판매지수 44,928",2026-05-01,2026,5
183,읽으면서 바로 써먹는 어린이 낱말 퍼즐,11700,"판매지수 32,754",2026-04-01,2026,4
184,해파리 만개,15120,"판매지수 40,098",2026-04-01,2026,4
185,한자어 천재라면,13950,"판매지수 54,480",2026-03-01,2026,3
186,내 심장을 쏴라,16200,"판매지수 48,876",2026-02-01,2026,2
187,어느 날 문이 사라졌다,12150,"판매지수 31,119",2025-02-01,2025,2
188,이중 하나는 거짓말,14400,"판매지수 56,163",2024-08-01,2024,8
189,하루 한 장 나의 어휘력을 위한 필사 노트,21420,"판매지수 208,011",2024-10-01,2024,10
190,나미야 잡화점의 기적,16920,"판매지수 47,607",2022-12-01,2022,12
191,죽이고 싶은 아이,11250,"판매지수 79,197",2021-06-01,2021,6
192,순례 주택,13500,"판매지수 111,819",2021-03-01,2021,3
193,우리는 언제나 다시 만나,10800,"판매지수 214,203",2017-07-01,2017,7
194,사피엔스,24120,"판매지수 128,295",2015-11-01,2015,11
195,정의란 무엇인가,16200,"판매지수 72,882",2014-11-01,2014,11
196,키미가시네 ─다수결 데스게임─ SIDE 죠,9000,판매지수 990,2026-05-01,2026,5
197,인 메모리엄,18900,"판매지수 1,200",2026-05-01,2026,5
198,2026 김헌경 간호관리 실전 모의고사 푸러다,10800,"판매지수 4,440",2026-05-01,2026,5
199,2026 김헌경 지역사회간호 실전 모의고사 푸러다,10800,"판매지수 4,740",2026-05-01,2026,5
200,GACHIAKUTA 17,5400,"판매지수 7,560",2026-05-01,2026,5
201,"팀 켈러, 죄를 말하다",16200,"판매지수 13,362",2026-04-01,2026,4
202,내 인생의 배경지식 한 권 교양,23850,"판매지수 19,647",2026-04-01,2026,4
203,[RBTI] SEDI 크리에이터 공백과 함께 우주로 떠나요,0,"판매지수 7,524",2026-04-01,2026,4
204,우리들의 수사를 시작하겠습니다,13500,"판매지수 22,641",2026-04-01,2026,4
205,꼬랑지네 떡집,11700,"판매지수 38,646",2026-04-01,2026,4
206,2026 고종훈 한국사 지방직대비 동형모의고사,15300,"판매지수 28,692",2026-03-01,2026,3
207,사랑이 있으니 살아집디다,16200,"판매지수 129,567",2026-03-01,2026,3
208,도시는 무엇으로 사는가,18000,"판매지수 25,905",2026-03-01,2026,3
209,연민에 관하여,18000,"판매지수 19,317",2026-03-01,2026,3
210,처음 읽는 그리스 로마 신화 14,15120,"판매지수 64,194",2026-03-01,2026,3
211,2026 한 권으로 끝내는 시나공 컴활 2급 필기+실기 (컴퓨터활용능력 2급),24300,"판매지수 74,439",2025-10-01,2025,10
212,뇌가 멈추기 전에,17910,"판매지수 73,995",2025-07-01,2025,7
213,제철 행복,16020,"판매지수 89,385",2024-04-01,2024,4
214,채식주의자,15300,"판매지수 136,185",2022-03-01,2022,3
215,브로콜리지만 사랑받고 싶어,13500,"판매지수 51,171",2021-12-01,2021,12
216,사랑의 기술,15300,"판매지수 86,007",2019-09-01,2019,9
217,명상록,10800,"판매지수 55,698",2018-04-01,2018,4
218,달리기를 말할 때 내가 하고 싶은 이야기,13050,"판매지수 123,840",2009-01-01,2009,1
219,강물이 멈춘 날,19800,"판매지수 4,236",2026-04-01,2026,4
220,무지개 목욕탕,13500,"판매지수 41,559",2026-03-01,2026,3
221,애태울 정도의 사랑을 알아라 2,6300,"판매지수 12,450",2026-05-01,2026,5
222,아픔의 문장들,15300,"판매지수 10,098",2026-05-01,2026,5
223,2026 이동기 영어 실전동형 모의고사 Vol.2,13500,"판매지수 44,787",2026-04-01,2026,4
224,렛뎀 이론,18000,"판매지수 199,872",2025-08-01,2025,8
225,류수영의 평생 레시피,22500,"판매지수 347,373",2025-06-01,2025,6
226,초판본 하늘과 바람과 별과 시,2700,"판매지수 113,769",2024-12-01,2024,12
227,비눗방울 퐁,13500,"판매지수 17,784",2024-11-01,2024,11
228,"돈, 뜨겁게 사랑하고 차갑게 다루어라",13500,"판매지수 39,108",2023-09-01,2023,9
229,전설로 떠나는 월가의 영웅,23400,"판매지수 68,988",2021-07-01,2021,7
230,아주 특별한 우리 형,11700,"판매지수 20,460",2018-09-01,2018,9
231,참을 수 없는 존재의 가벼움,15300,"판매지수 79,134",2018-06-01,2018,6
232,삐뽀삐뽀 119 이유식,17010,"판매지수 83,586",2017-12-01,2017,12
233,나는 3학년 2반 7번 애벌레,9900,"판매지수 93,627",2016-03-01,2016,3
234,인간을 인간답게 만드는 불완전함에 대하여,19800,"판매지수 9,834",2026-05-01,2026,5
235,더 화이팅 145,5400,"판매지수 1,590",2026-05-01,2026,5
236,봄의 폭풍과 몬스터 8,5400,"판매지수 16,530",2026-05-01,2026,5
237,흔한남매 이상한 나라의 고전 읽기 9,15120,"판매지수 8,871",2026-05-01,2026,5
238,비밀의 종이 울리면,12420,"판매지수 24,633",2026-03-01,2026,3
239,질문으로 똑똑해지는 초등 지식 백과,15300,"판매지수 28,089",2026-03-01,2026,3
240,주식으로 부자됩시다,18000,"판매지수 38,916",2026-04-01,2026,4
241,하나님의 막내아들,19800,"판매지수 15,075",2026-03-01,2026,3
242,죽은 왕녀를 위한 파반느 (양장 특별판),18000,"판매지수 110,217",2025-11-01,2025,11
243,대형주 추세추종 투자법칙,19800,"판매지수 161,373",2025-11-01,2025,11
244,조용한 회복,19800,"판매지수 61,359",2025-09-01,2025,9
245,죽이고 싶은 아이 2,12600,"판매지수 65,505",2024-07-01,2024,7
246,최악의 최애,12600,"판매지수 21,000",2024-02-01,2024,2
247,내가 생각한 인생이 아니야,16200,"판매지수 19,962",2023-12-01,2023,12
248,사과는 이렇게 하는 거야,15120,"판매지수 35,343",2023-07-01,2023,7
249,구의 증명,10800,"판매지수 89,457",2023-04-01,2023,4
250,열다섯에 곰이라니,11700,"판매지수 49,812",2022-12-01,2022,12
251,라오어의 미국주식 밸류 리밸런싱,16200,"판매지수 42,213",2022-08-01,2022,8
252,몬스터 차일드,12420,"판매지수 68,793",2021-09-01,2021,9
253,홍학의 자리 (금기 에디션),12600,"판매지수 104,250",2026-03-01,2026,3
254,내 이름은 빨강 1,11700,"판매지수 35,619",2019-10-01,2019,10
255,데일 카네기 인간관계론 (50만부 돌파 초판 무삭제 완역본),10350,"판매지수 150,864",2019-10-01,2019,10
256,아주 작은 습관의 힘 (50만 부 기념 스페셜 에디션),16200,"판매지수 118,209",2019-02-01,2019,2
257,노르웨이의 숲,15300,"판매지수 88,947",2017-08-01,2017,8
258,스토너,15120,"판매지수 148,374",2015-01-01,2015,1
259,어둠의 색조 1,17100,"판매지수 8,478",2026-04-01,2026,4
260,물고기는 존재하지 않는다,15300,"판매지수 65,406",2021-12-01,2021,12
261,해리엇,12150,"판매지수 50,955",2011-06-01,2011,6
262,코믹 블루록 35,5400,"판매지수 11,280",2026-05-01,2026,5
263,초등 상위 1%를 만드는 위대한 고전 맛보기 : 과학·철학·종교,12600,"판매지수 4,020",2026-05-01,2026,5
264,던전에서 만남을 추구하면 안 되는 걸까 21 소책자 특장판,18000,"판매지수 12,990",2026-05-01,2026,5
265,삶이 허기질 때 나는 교양을 읽는다,36000,"판매지수 17,982",2026-05-01,2026,5
266,비스킷 (10만 부 기념 바스락 에디션),14220,"판매지수 4,980",2026-04-01,2026,4
267,착한 염증 나쁜 염증,18900,"판매지수 11,256",2026-04-01,2026,4
268,다시 오고 싶은 나라,17100,"판매지수 16,059",2026-05-01,2026,5
269,시간 고양이 8,13500,"판매지수 20,640",2026-04-01,2026,4
270,"2026 권규호 공무원 국어 긴급특강[논리, 강화약화, 고난도 독해]",9900,"판매지수 23,154",2026-04-01,2026,4
271,끝까지 해내는 마음은 어떻게 탄생하는가,17910,"판매지수 36,603",2026-04-01,2026,4
272,2026 황철곤 행정학 실전동형 모의고사 SEASON 2,14400,"판매지수 27,852",2026-04-01,2026,4
273,2026 해커스공무원 실전동형모의고사 한국사 2 16회분 (지방직 9급),17100,"판매지수 13,353",2026-04-01,2026,4
274,반도체 밸류체인 투자,25200,"판매지수 20,424",2026-03-01,2026,3
275,ETS 토익 단기공략 750+ (LC+RC),17550,"판매지수 135,504",2025-07-01,2025,7
276,경험의 멸종,17820,"판매지수 131,391",2025-05-01,2025,5
277,불량한 자전거 여행,12420,"판매지수 65,913",2024-12-01,2024,12
278,처음 읽는 삼국지 1,13950,"판매지수 49,047",2024-11-01,2024,11
279,침묵의 봄,19800,"판매지수 36,639",2024-04-01,2024,4
280,마흔에 읽는 쇼펜하우어 (300쇄 리커버),15300,"판매지수 85,686",2023-09-01,2023,9
281,아몬드,15120,"판매지수 38,505",2023-07-01,2023,7
282,해커스 토익 RC Reading(리딩) 기본서,16920,"판매지수 136,278",2024-08-01,2024,8
283,"오늘 밤, 세계에서 이 사랑이 사라진다 해도",12600,"판매지수 98,664",2021-06-01,2021,6
284,잘했고 잘하고 있고 잘 될 것이다 (아마존 베스트셀러 기념 전면 개정판),16200,"판매지수 54,993",2022-10-01,2022,10
285,수학이 필요한 순간,16020,"판매지수 18,408",2018-08-01,2018,8
286,원칙 PRINCIPLES,31500,"판매지수 23,850",2018-06-01,2018,6
287,생각에 관한 생각,26820,"판매지수 66,036",2018-03-01,2018,3
288,세계를 건너 너에게 갈게,12150,"판매지수 90,009",2018-02-01,2018,2
289,동음이의어 말싸움,13500,"판매지수 7,380",2026-04-01,2026,4
290,너를 너무너무너무너무 좋아하는 100명의 그녀 23,5400,"판매지수 1,800",2026-05-01,2026,5
291,2027 써니 행정법총론 행정법으로의 초대,4500,"판매지수 3,510",2026-05-01,2026,5
292,아홉 살에 시작하는 똑똑한 초등신문 4,17550,"판매지수 15,606",2026-05-01,2026,5
293,폰더 씨의 위대한 하루,16200,"판매지수 25,758",2026-04-01,2026,4
294,AI가 나보다 일을 잘할 때,11700,"판매지수 11,676",2026-03-01,2026,3
295,피터케이의 이기는 투자 불변의 법칙,19800,"판매지수 83,775",2026-04-01,2026,4
296,초등 상위 1%를 만드는 위대한 고전 맛보기 : 세계 문학,12600,"판매지수 26,271",2026-03-01,2026,3
297,모든 날들이 행복했으면 좋겠어,16920,"판매지수 18,417",2026-03-01,2026,3
298,몬스터 캠핑장,12600,"판매지수 33,306",2026-01-01,2026,1
299,명료함,17820,"판매지수 36,786",2026-02-01,2026,2
300,할매,15120,"판매지수 137,736",2025-12-01,2025,12
301,내가 없던 어느 밤에,12600,"판매지수 78,711",2025-08-01,2025,8
302,"AI 시대의 질문력, 프롬프트 엔지니어링",24300,"판매지수 67,575",2025-08-01,2025,8
303,편안함의 습격,19800,"판매지수 214,098",2025-06-01,2025,6
304,한 권으로 끝내는 해커스 토익 800+ (LC+RC+VOCA),15930,"판매지수 67,809",2025-05-01,2025,5
305,시간 유전자,11700,"판매지수 39,438",2024-10-01,2024,10
306,착! 붙는 중국어 독학 첫걸음,15120,"판매지수 32,223",2024-03-01,2024,3
307,착! 붙는 일본어 독학 첫걸음,15120,"판매지수 75,882",2024-03-01,2024,3
308,용선생 교과서 세계사 2,14400,"판매지수 52,932",2023-12-01,2023,12
309,비스킷,13320,"판매지수 58,062",2023-09-01,2023,9
310,왜 나는 너를 사랑하는가,12600,"판매지수 40,902",2022-11-01,2022,11
311,차대기를 찾습니다,11700,"판매지수 16,860",2021-06-01,2021,6
312,초판본 데미안,2690,"판매지수 88,359",2020-08-01,2020,8
313,여름,10800,"판매지수 36,393",2020-08-01,2020,8
314,내 이름은 빨강 2,11700,"판매지수 30,693",2019-10-01,2019,10
315,빨강 연필,13500,"판매지수 21,000",2011-05-01,2011,5
316,달과 6펜스,9000,"판매지수 51,087",2000-06-01,2000,6
317,어둠의 색조 2,16200,"판매지수 6,648",2026-04-01,2026,4
318,어느 멋진 도망,15300,"판매지수 12,168",2026-04-01,2026,4
319,바쁜 교사를 위한 바로 쓰는 AI,21600,"판매지수 16,137",2026-04-01,2026,4
320,클로드 코드로 시작하는 실전 에이전틱 코딩,29700,"판매지수 6,030",2026-05-01,2026,5
321,2026 이진욱 세무사의 국세청 세무직 공무원 실무면접 가이드 : 국세편,16200,"판매지수 2,580",2026-05-01,2026,5
322,길고양이와 늑대 6,5400,"판매지수 10,560",2026-05-01,2026,5
323,코믹 전생했더니 슬라임이었던 건에 대하여 30,6300,"판매지수 6,630",2026-05-01,2026,5
324,2027 선재국어 시간 단축 공문서와 문법 독해,12600,"판매지수 2,184",2026-05-01,2026,5
325,다있소 과학 2,13050,"판매지수 4,242",2026-05-01,2026,5
326,2027 김영북스 공부돼지 벼락치기 한능검 한국사능력검정시험 심화(1·2·3급),26100,"판매지수 2,964",2026-05-01,2026,5
327,2027 이유진 국어 독해 알고리즘 기출 분석,17100,"판매지수 4,290",2026-05-01,2026,5
328,"사랑하라, 거짓된 천사들이여 6",5400,"판매지수 24,744",2026-04-01,2026,4
329,2027 소방직 시험대비 SO NICE 백소나 소방학개론 기본서,38700,"판매지수 27,474",2026-04-01,2026,4
330,자연은 왜 이토록 단순하면서도 아름다운가,31500,"판매지수 8,856",2026-04-01,2026,4
331,2026 황철곤 행정학 파이널 봉투 모의고사,11700,"판매지수 20,391",2026-04-01,2026,4
332,행동이 실력이다,16200,"판매지수 16,758",2026-03-01,2026,3
333,2026 김중규 지방·서울9급 동형모의고사 선행정학,15300,"판매지수 19,578",2026-03-01,2026,3
334,평범한 아이들은 어떻게 최상위권이 되었을까,17550,"판매지수 37,806",2026-04-01,2026,4
335,"인테리어, 호구 안 당하는 체크리스트",24750,"판매지수 11,022",2026-03-01,2026,3
336,2026 심우철 실전 동형 모의고사 Season 2,13500,"판매지수 66,753",2026-02-01,2026,2
337,2026 써니 행정법총론 실전동형 모의고사,14400,"판매지수 56,694",2026-02-01,2026,2
338,규칙파괴자,22500,"판매지수 47,037",2026-01-01,2026,1
339,처음 읽는 삼국지 3,13950,"판매지수 52,200",2025-12-01,2025,12
340,해커스 Updated 토플 라이팅 (Hackers Updated TOEFL WRITING),25200,"판매지수 40,374",2025-11-01,2025,11
341,해커스 Updated 토플 스피킹 (Hackers Updated TOEFL SPEAKING),25200,"판매지수 37,860",2025-11-01,2025,11
342,처음부터 끝까지 고백,15120,"판매지수 45,732",2025-10-01,2025,10
343,ETF 투자의 모든 것,18900,"판매지수 151,635",2025-08-01,2025,8
344,5일 완성 토익스피킹 실전 모의고사 25회,23400,"판매지수 35,460",2025-07-01,2025,7
345,처음 읽는 삼국지 2,13950,"판매지수 50,160",2025-04-01,2025,4
346,해커스 JLPT N3(일본어능력시험) 한권합격,24300,"판매지수 63,249",2025-01-01,2025,1
347,퓨처 셀프 30만 부 기념 스페셜 에디션,19800,"판매지수 96,603",2024-09-01,2024,9
348,0000,11700,"판매지수 26,922",2024-08-01,2024,8
349,지도로 보아야 보인다,26820,"판매지수 29,685",2024-07-01,2024,7
350,0~3세 기적의 뇌과학 육아,18000,"판매지수 38,655",2024-07-01,2024,7
351,모모 MOMO,19800,"판매지수 48,843",2024-03-01,2024,3
352,알사탕,13500,"판매지수 59,238",2024-03-01,2024,3
353,용선생 교과서 세계사 1,14400,"판매지수 58,272",2023-12-01,2023,12
354,샤워젤과 소다수,10800,"판매지수 38,481",2023-10-01,2023,10
355,넛지: 파이널 에디션,19800,"판매지수 37,470",2022-06-01,2022,6
356,어디 있을까? 숨은그림찾기 1000,7920,"판매지수 67,209",2022-05-01,2022,5
357,나는 나로 살기로 했다 (영미권 출간기념 특별판),15750,"판매지수 33,576",2022-02-01,2022,2
358,한 권으로 끝내는 해커스 토익 700+ (LC+RC+VOCA),17820,"판매지수 69,927",2025-01-01,2025,1
359,백년허리2 치료편,16650,"판매지수 63,858",2021-05-01,2021,5
360,천 개의 파랑,15300,"판매지수 78,633",2020-08-01,2020,8
361,우리가 빛의 속도로 갈 수 없다면,15300,"판매지수 55,077",2019-06-01,2019,6
362,페인트,13500,"판매지수 47,760",2019-04-01,2019,4
363,지리의 힘,18000,"판매지수 34,569",2016-08-01,2016,8
364,푸른 사자 와니니,12420,"판매지수 65,718",2015-06-01,2015,6
365,오월의 달리기,10800,"판매지수 32,886",2013-05-01,2013,5
366,노인과 바다,7200,"판매지수 56,490",2012-01-01,2012,1
367,틀려도 괜찮아,12600,"판매지수 39,060",2006-02-01,2006,2
368,은하수를 여행하는 히치하이커를 위한 안내서 1,12600,"판매지수 43,074",2004-12-01,2004,12
369,변신 시골의사,7650,"판매지수 24,816",1998-08-01,1998,8
370,포닝,21420,"판매지수 6,078",2026-05-01,2026,5
371,내 마음의 구멍,16200,"판매지수 13,329",2026-01-01,2026,1
372,언젠가 우리가 같은 별을 바라본다면,10800,"판매지수 41,265",2021-12-01,2021,12
373,풀꽃선생님의 뻔한 표현 탈출 사전,15120,판매지수 600,2026-05-01,2026,5
374,ALL NEW 계리직 영어 바이블 Ver.4,27000,판매지수 900,2026-05-01,2026,5
375,시든 꽃에 눈물을 5~6 스페셜 세트,71100,"판매지수 2,040",2026-05-01,2026,5
376,얼마나 발칙해도 될까,15300,"판매지수 7,320",2026-05-01,2026,5
377,네가 어떤 삶을 살든 나는 너를 응원할 것이다 1,17100,"판매지수 2,538",2026-05-01,2026,5
378,비밀의 책,16920,"판매지수 8,244",2026-04-01,2026,4
379,코바늘 시크릿 노트,18000,"판매지수 2,784",2026-04-01,2026,4
380,초등 국어가 실력입니다,17100,"판매지수 8,673",2026-04-01,2026,4
381,천재 의사 시건방 5,12600,"판매지수 4,458",2026-05-01,2026,5
382,불량한 자전거 여행 5,12420,"판매지수 11,601",2026-04-01,2026,4
383,세상에서 가장 좋은 문장 필사,19800,"판매지수 14,385",2026-04-01,2026,4
384,굿트레이더 압도적 수익의 주식투자법,22500,"판매지수 25,560",2026-05-01,2026,5
385,여전히 주도주를 사라,20700,"판매지수 19,677",2026-04-01,2026,4
386,클로드 코드 마스터,32400,"판매지수 15,132",2026-04-01,2026,4
387,2026 해커스공무원 실전동형모의고사 영어 2 12회분 (지방직 9급),17100,"판매지수 24,096",2026-04-01,2026,4
388,2026 해커스공무원 실전동형모의고사 국어 2 (지방직 9급),19800,"판매지수 14,325",2026-04-01,2026,4
389,지도로 보아야 보인다 2,27900,"판매지수 11,829",2026-04-01,2026,4
390,다크 심리학 2,21780,"판매지수 25,107",2026-04-01,2026,4
391,한눈에 보는 AI 반도체 산업,23400,"판매지수 8,754",2026-03-01,2026,3
392,"클로드 코워크 with 스킬, 플러그인",23400,"판매지수 18,849",2026-03-01,2026,3
393,정승제의 수학 대모험 2,14400,"판매지수 24,129",2026-03-01,2026,3
394,"1,000만 원으로 3년 안에 300만 원 월배당 만들기",20700,"판매지수 59,466",2026-02-01,2026,2
395,2026 선재국어 결승선 봉투 모의고사,25200,"판매지수 69,708",2026-01-01,2026,1
396,캔들차트 하나로 끝내는 추세추종 투자,22500,"판매지수 99,945",2026-01-01,2026,1
397,캘리쌤의 루틴 잉글리시,19800,"판매지수 28,227",2025-12-01,2025,12
398,2026 위포트 공기업 NCS 통합기본서 (PSAT형+모듈형+피듈형+실전 모의고사),24300,"판매지수 44,745",2026-02-01,2026,2
399,정승제의 수학 대모험 1,14400,"판매지수 45,975",2025-11-01,2025,11
400,2026 알기사 정보보안기사(산업기사) 필기+핵심기출 1200제,45000,"판매지수 17,358",2025-10-01,2025,10
401,기분이 태도가 되지 않게 (헬로키티 에디션),16200,"판매지수 118,053",2025-11-01,2025,11
402,별빛관 비밀 친구,13500,"판매지수 15,633",2025-09-01,2025,9
403,신상문구점,12600,"판매지수 50,946",2025-09-01,2025,9
404,임신 출산 육아 대백과 최신개정판,17550,"판매지수 69,222",2025-07-01,2025,7
405,"2025·2026 큰별쌤 최태성의 별별한국사 한국사능력검정시험 기본(4,5,6급)",17550,"판매지수 84,846",2024-12-01,2024,12
406,컬러 몬스터 : 감정의 구급상자,13500,"판매지수 16,485",2024-03-01,2024,3
407,해커스 토익 LC Listening(리스닝) 기본서,16920,"판매지수 116,613",2024-08-01,2024,8
408,부의 인문학 (20만부 기념 개정증보판),15300,"판매지수 55,650",2022-03-01,2022,3
409,진짜 쓰는 실무 엑셀,18900,"판매지수 73,107",2022-02-01,2022,2
410,안녕! 내 친구 코야,25650,"판매지수 46,449",2021-08-01,2021,8
411,데일 카네기 자기관리론,10350,"판매지수 75,501",2021-01-01,2021,1
412,백년운동,17550,"판매지수 37,932",2019-11-01,2019,11
413,체리새우 : 비밀글입니다,12150,"판매지수 66,315",2019-01-01,2019,1
414,당신이 옳다,15750,"판매지수 24,369",2018-10-01,2018,10
415,자유론,7920,"판매지수 53,334",2018-06-01,2018,6
416,삐뽀삐뽀 119 소아과,26820,"판매지수 41,589",2016-07-01,2016,7
417,돼지책,9900,"판매지수 23,400",2001-10-01,2001,10
418,"바로바로 클로드 with 코워크, 스킬, 클로드 코드, 디자인",25200,"판매지수 2,880",2026-05-01,2026,5
419,잘 자고 잘 먹는 아기의 시간표,19800,"판매지수 15,891",2026-05-01,2026,5
420,고래밥 탐험대 : 진짜 보물을 찾아서,13500,"판매지수 12,051",2026-04-01,2026,4
421,1929,28800,"판매지수 29,460",2026-04-01,2026,4
422,참 쉬운 집밥 요리책,21600,판매지수 600,2026-05-01,2026,5
423,악마에 입문했습니다! 이루마 군 46,5850,"판매지수 6,060",2026-05-01,2026,5
424,2026 오정화 세법 - 지방세법 이거다1(기출·응용 문제편),28500,"판매지수 16,410",2026-05-01,2026,5
425,엄마를 만나러 가는 길 : 모리의 스티커북,15300,"판매지수 14,895",2026-06-01,2026,6
426,보험꼰대의 쓸만한 JOB소리,15300,"판매지수 1,164",2026-04-01,2026,4
427,연금 투자 무작정 따라하기,21600,"판매지수 9,765",2026-05-01,2026,5
428,운명을 바꾸는 감정의 비밀,17820,"판매지수 8,292",2026-04-01,2026,4
429,맥체인 수업,28800,"판매지수 13,326",2026-05-01,2026,5
430,미지와 무지,12600,"판매지수 8,496",2026-04-01,2026,4
431,흉담,15300,"판매지수 14,754",2026-04-01,2026,4
432,숨은 어린이 찾기,15120,"판매지수 12,915",2026-04-01,2026,4
433,반우울,15300,"판매지수 12,753",2026-04-01,2026,4
434,2026 고시넷 지역농협 6급 NCS 오픈봉투모의고사,23400,"판매지수 22,350",2026-04-01,2026,4
435,비실비실 선생님 12,5850,"판매지수 19,107",2026-04-01,2026,4
436,학교에서 바로 쓰는 제미나이 & 노트북LM,17100,"판매지수 11,211",2026-04-01,2026,4
437,생각이 보이는 교실 2,20000,"판매지수 13,743",2026-03-01,2026,3
438,2026 박문각 공무원 강성빈 행정법총론 FINAL 적중모의고사(지방직),17100,"판매지수 7,170",2026-04-01,2026,4
439,JLPT(일본어능력시험) 한권으로 끝내기 N3,25200,"판매지수 20,775",2026-04-01,2026,4
440,다시 하면 되지 뭐,13500,"판매지수 15,441",2026-04-01,2026,4
441,돈 주운 자의 최후,12600,"판매지수 13,926",2026-03-01,2026,3
442,가족이라는 사치,15120,"판매지수 7,047",2026-03-01,2026,3
443,라면 사면 과학 드립니다,13500,"판매지수 30,282",2026-04-01,2026,4
444,감정에 이름 붙이기,16200,"판매지수 11,949",2026-04-01,2026,4
445,삶으로 다시 날아오르기,16200,"판매지수 35,958",2026-03-01,2026,3
446,설민석의 삼국지 대모험 26,12600,"판매지수 15,114",2026-03-01,2026,3
447,2026 해커스공무원 FINAL 봉투모의고사 국어+영어+한국사 6회분 (9급 공무원),17100,"판매지수 9,972",2026-03-01,2026,3
448,2026 유휘운 행정법총론 실전동형 모의고사,9900,"판매지수 31,128",2026-02-01,2026,2
449,존리의 부자되기 습관,18000,"판매지수 49,212",2026-02-01,2026,2
450,일본 광고 카피 도감,16920,"판매지수 37,770",2026-01-01,2026,1
451,2026 단기 합격 해커스공기업 NCS 통합 기본서(모듈형+피듈형+PSAT형+모의고사 6회분),24300,"판매지수 40,434",2026-01-01,2026,1
452,파리 잡기 대회,13500,"판매지수 8,568",2025-12-01,2025,12
453,2026 심우철 이것만은 알고 가자,14400,"판매지수 39,210",2025-12-01,2025,12
454,2026 해커스군무원 신민숙 쉬운국어 빈출 문법 200제 (9·7급 군무원),16200,"판매지수 16,314",2026-01-01,2026,1
455,영어책 한 권 외워봤니?,18000,"판매지수 61,893",2025-11-01,2025,11
456,2026 에듀윌 제과·제빵기능사 필기 한권끝장 기출복원모의고사 25회분,18000,"판매지수 19,155",2025-10-01,2025,10
457,가브리엘의 잉글리시 다이어리,24300,"판매지수 63,726",2025-10-01,2025,10
458,손자병법,11700,"판매지수 142,758",2025-10-01,2025,10
459,시대예보: 경량문명의 탄생(시리즈 30만부 기념 리커버 한정판),19800,"판매지수 133,602",2025-09-01,2025,9
460,정모 박사의 지구 멸망 프로젝트 : 작전01. 남극 빙하를 없애라,14220,"판매지수 3,972",2025-07-01,2025,7
461,먼저 온 미래,18000,"판매지수 85,389",2025-06-01,2025,6
462,현명한 투자자,25200,"판매지수 39,567",2025-06-01,2025,6
463,영어가 바로 터지는 기적의 말하기 영단어 1000,8100,"판매지수 79,854",2025-04-01,2025,4
464,빛과 실,13500,"판매지수 76,689",2025-04-01,2025,4
465,단 한 번의 삶,15120,"판매지수 205,425",2025-04-01,2025,4
466,독학사 한권으로 끝내기 가정관리론 (가정학 2단계),19800,"판매지수 20,394",2025-03-01,2025,3
467,해리 포터와 마법사의 돌 1,11250,"판매지수 38,364",2024-11-01,2024,11
468,내 인생 최악의 일주일 2 화요일,12600,"판매지수 7,026",2024-11-01,2024,11
469,역사의 쓸모,16200,"판매지수 37,356",2024-07-01,2024,7
470,해독 혁명,16650,"판매지수 42,210",2024-06-01,2024,6
471,이렇게 작지만 확실한 행복,14400,"판매지수 17,826",2024-06-01,2024,6
472,행복의 기원,19800,"판매지수 43,686",2024-05-01,2024,5
473,초역 부처의 말,16020,"판매지수 220,452",2024-05-01,2024,5
474,시한부,15120,"판매지수 93,978",2024-01-01,2024,1
475,처음부터 시작하는 주식투자 단타전략,18900,"판매지수 43,995",2023-12-01,2023,12
476,미움받을 용기 (200만 부 기념 스페셜 에디션),14310,"판매지수 62,787",2022-12-01,2022,12
477,초역 니체의 말,14220,"판매지수 31,911",2022-08-01,2022,8
478,부의 추월차선 (10주년 스페셜 에디션),15750,"판매지수 45,762",2022-02-01,2022,2
479,백년허리1 진단편,16650,"판매지수 47,622",2021-04-01,2021,4
480,지적 대화를 위한 넓고 얕은 지식 1,17100,"판매지수 50,301",2020-02-01,2020,2
481,관촌수필,15300,"판매지수 14,964",2018-09-01,2018,9
482,너무 시끄러운 고독,10800,"판매지수 49,938",2016-07-01,2016,7
483,수박 수영장,12600,"판매지수 46,089",2015-07-01,2015,7
484,구르브 연락 없다,9900,"판매지수 24,828",2012-06-01,2012,6
485,참을 수 없는 존재의 가벼움,11700,"판매지수 33,831",2009-12-01,2009,12
486,하나님 나라,17100,"판매지수 1,296",2008-05-01,2008,5
487,어린 임금의 눈물,13500,"판매지수 39,204",2004-02-01,2004,2
488,설국,7200,"판매지수 42,216",2002-01-01,2002,1
489,카난 님은 초보 악마 11,5400,"판매지수 3,000",2026-05-01,2026,5
490,반요 야샤히메 4,5400,"판매지수 2,070",2026-05-01,2026,5
491,던전에서 만남을 추구하면 안 되는 걸까 21,10800,"판매지수 2,580",2026-05-01,2026,5
492,세포를 재생하면 질병은 낫는다,22500,"판매지수 1,950",2026-05-01,2026,5
493,2027 김중규 원픽 선행정학,24300,"판매지수 2,484",2026-05-01,2026,5
494,성령으로 행하는 사람,17100,판매지수 702,2026-05-01,2026,5
495,한눈에 보는 2500년 서양철학사,17010,"판매지수 1,194",2026-05-01,2026,5
496,의식의 탄생,22500,"판매지수 1,851",2026-05-01,2026,5
497,2027 해커스공무원 신민숙 쉬운국어 한 권으로 끝(9급 공무원),19800,"판매지수 5,010",2026-05-01,2026,5
498,2026 해커스 전산세무 2급 한권합격 이론+실무+최신기출 12회분+무료특강,28800,"판매지수 6,546",2026-05-01,2026,5
499,수학 잘하는 아이는 이렇게 공부합니다,17820,"판매지수 8,616",2026-04-01,2026,4
500,꾸준함을 기르는 일,16200,"판매지수 8,967",2026-04-01,2026,4
501,자산 토큰 없는 미래는 없다,26100,"판매지수 28,014",2026-04-01,2026,4
502,2026 조태정 영어 백신 모의고사 Season 3,9900,"판매지수 12,552",2026-04-01,2026,4
503,한 권의 재테크 수업,19800,"판매지수 21,027",2026-04-01,2026,4
504,원펀맨 ONE PUNCH MAN 34,5400,"판매지수 29,904",2026-04-01,2026,4
505,생선 숙성의 기술,27000,"판매지수 8,958",2026-04-01,2026,4
506,단단하고 쉬운 대상관계이론 상담 수업,17100,"판매지수 16,968",2026-05-01,2026,5
507,캐릭터 심리 사전,25200,"판매지수 16,263",2026-04-01,2026,4
508,고깔모자의 아틀리에 초보 마법사 팩,16200,"판매지수 10,167",2026-04-01,2026,4
509,2026 EBS 손평하나 손해평가사 2차 기출문제집,31500,"판매지수 3,168",2026-04-01,2026,4
510,딱 50부터 노후 준비합시다,18900,"판매지수 27,252",2026-04-01,2026,4
511,이상한 나라의 앨리스,10800,"판매지수 16,566",2023-07-01,2023,7
512,수학이 쉬워지는 최소한의 세계사,16200,"판매지수 15,507",2026-04-01,2026,4
513,스스로 공부하는 아이는 이렇게 키웁니다,17010,"판매지수 42,858",2026-03-01,2026,3
514,중3을 위한 고등학교 사용 설명서,18000,"판매지수 18,753",2026-04-01,2026,4
515,우리가 사랑한 도시,15750,"판매지수 20,361",2026-03-01,2026,3
516,한 권으로 끝내는 합격 생기부 탐구력,21600,"판매지수 19,833",2026-03-01,2026,3
517,대한민국 부동산의 역사,19800,"판매지수 13,611",2026-03-01,2026,3
518,다있소 과학 1,13050,"판매지수 35,604",2026-03-01,2026,3
519,에이든 국내여행 가이드북,26460,"판매지수 18,009",2026-04-01,2026,4
520,미라클 모닝 After 50,19800,"판매지수 32,526",2026-03-01,2026,3
521,경제금융용어 800선,8400,"판매지수 6,357",2026-01-01,2026,1
522,인터메초,18900,"판매지수 22,455",2026-02-01,2026,2
523,원피스 ONE PIECE 113,5850,"판매지수 47,910",2026-01-01,2026,1
524,마음을 읽는 감각,17820,"판매지수 47,832",2026-01-01,2026,1
525,쥬디 할머니,16650,"판매지수 33,177",2026-01-01,2026,1
526,2026 권규호 국어 시나리오 공무원 모의고사2,31500,"판매지수 13,650",2026-01-01,2026,1
527,2026 산업안전기사 실기(필답형+작업형)+무료동영상,44100,"판매지수 10,080",2026-01-01,2026,1
528,2026 심우철 실전 동형 모의고사 Season 1,13500,"판매지수 70,740",2025-12-01,2025,12
529,악수도 없이 헤어졌다,13500,"판매지수 22,395",2025-12-01,2025,12
530,"질문하는 방법, 어떻게 가르칠까?",17100,"판매지수 17,040",2025-12-01,2025,12
531,한번 시작하면 잠들 수 없는 세계사,16920,"판매지수 44,844",2025-12-01,2025,12
532,탁! 깨달음의 대화,15300,"판매지수 60,813",2025-11-01,2025,11
533,국보 : 상 · 청춘 편,16200,"판매지수 11,814",2025-11-01,2025,11
534,모든 주식을 소유하라 (리커버판),16200,"판매지수 18,909",2025-09-01,2025,9
535,호의에 대하여,16920,"판매지수 237,960",2025-08-01,2025,8
536,어른의 관계를 가꾸는 100일 필사 노트,18000,"판매지수 82,497",2025-09-01,2025,9
537,속담 관용어 고사성어 천재라면,13950,"판매지수 43,974",2025-09-01,2025,9
538,"필사, 어른이 되는 시간",16650,"판매지수 88,671",2025-07-01,2025,7
539,스티커,14400,"판매지수 40,626",2025-06-01,2025,6
540,한 권으로 끝내는 해커스 토익 900+ (LC+RC+VOCA),15930,"판매지수 50,955",2025-06-01,2025,6
541,"첫 여름, 완주",15300,"판매지수 189,102",2025-05-01,2025,5
542,스파클,13500,"판매지수 54,996",2025-04-01,2025,4
543,해피버쓰데이,15300,"판매지수 23,055",2024-12-01,2024,12
544,해리 포터와 마법사의 돌 2,11250,"판매지수 36,144",2024-11-01,2024,11
545,레인보우 맨션,22500,"판매지수 10,188",2024-07-01,2024,7
546,해커스 일본어 상용한자 2136,21600,"판매지수 40,626",2024-03-01,2024,3
547,생각이 보이는 교실,18000,"판매지수 32,901",2023-05-01,2023,5
548,성경을 여행하다,20700,"판매지수 11,832",2022-10-01,2022,10
549,지구별 인간,13320,"판매지수 12,309",2022-09-01,2022,9
550,미적분의 쓸모,17550,"판매지수 22,128",2022-05-01,2022,5
551,뭐가 다를까? 다른그림찾기 1000,7920,"판매지수 43,575",2022-05-01,2022,5
552,나의 아저씨 세트,49500,"판매지수 7,920",2022-03-01,2022,3
553,내려놓음,13500,"판매지수 8,592",2021-04-01,2021,4
554,클라라와 태양,15300,"판매지수 19,974",2021-03-01,2021,3
555,공정하다는 착각,16200,"판매지수 40,227",2020-12-01,2020,12
556,트럼펫을 부는 백조,13500,"판매지수 1,656",2020-08-01,2020,8
557,소년과 두더지와 여우와 말,19800,"판매지수 84,201",2020-04-01,2020,4
558,시녀 이야기 + 증언들 세트,25200,"판매지수 4,740",2020-01-01,2020,1
559,담을 넘은 아이,12600,"판매지수 44,007",2019-07-01,2019,7
560,해커스 여행일본어 10분의 기적,8820,"판매지수 85,722",2025-06-01,2025,6
561,해커스 아이엘츠 스피킹 베이직 (Hackers IELTS Speaking Basic),20610,"판매지수 25,542",2024-06-01,2024,6
562,해커스 아이엘츠 리스닝 베이직(Hackers IELTS Listening Basic),18810,"판매지수 26,265",2024-06-01,2024,6
563,해커스 아이엘츠 라이팅 베이직 (Hackers IELTS Writing Basic),20610,"판매지수 25,434",2024-02-01,2024,2
564,해커스 아이엘츠 리딩 베이직 (Hackers IELTS Reading Basic),18810,"판매지수 27,237",2024-01-01,2024,1
565,해커스 아이엘츠 라이팅 Hackers IELTS Writing,22410,"판매지수 34,314",2024-08-01,2024,8
566,아홉 살 마음 사전,11700,"판매지수 49,428",2017-03-01,2017,3
567,숨결이 바람 될 때,15120,"판매지수 37,476",2016-08-01,2016,8
568,해커스 보카 Hackers Vocabulary,15210,"판매지수 96,456",2025-04-01,2025,4
569,겁보 만보,11700,"판매지수 16,059",2015-03-01,2015,3
570,투자에 대한 생각,13500,"판매지수 30,816",2012-09-01,2012,9
571,기분을 말해 봐!,11700,"판매지수 24,207",2011-07-01,2011,7
572,눈물을 마시는 새 세트,59400,"판매지수 50,985",2003-02-01,2003,2
573,호밀밭의 파수꾼,10800,"판매지수 43,950",2023-01-01,2023,1
574,무지개 물고기,14400,"판매지수 18,510",1994-04-01,1994,4
575,꽃들에게 희망을,13500,"판매지수 39,135",1999-09-01,1999,9
576,다섯째 아이,11700,"판매지수 12,618",1999-06-01,1999,6
577,AI 버블이 만드는 부채의 종말,19800,"판매지수 9,066",2026-04-01,2026,4
578,연금 부자 되는 에너지 투자,19800,"판매지수 14,019",2026-03-01,2026,3
579,생각의 도약,16200,"판매지수 38,811",2025-01-01,2025,1
580,만복이네 떡집,11700,"판매지수 50,265",2010-05-01,2010,5
581,죽은나무숲의 죽다 만 여우,17550,"판매지수 1,290",2026-05-01,2026,5
582,누나의 친구 3,5400,"판매지수 5,640",2026-05-01,2026,5
583,유럽 어반 스케치 컬러링북,16200,"판매지수 1,440",2026-05-01,2026,5
584,질문의 기술,17100,"판매지수 2,193",2026-05-01,2026,5
585,환상의 섬 피시따시옹,18000,"판매지수 2,193",2026-06-01,2026,6
586,책벌레의 하극상 제5부 - 여신의 화신 10,9000,"판매지수 8,766",2026-04-01,2026,4
587,모든 이야기는 숲에서 시작되었다,19800,"판매지수 1,140",2026-05-01,2026,5
588,블랙 클로버 37,5850,"판매지수 7,191",2026-04-01,2026,4
589,2026 해커스경찰 김민철 경찰학 핵심지문 OX(오엑스),18900,"판매지수 8,328",2026-05-01,2026,5
590,순경씨와 나 1,6300,"판매지수 30,117",2026-04-01,2026,4
591,2027 해커스공무원 이명호 올인원 관세법(관세직 9급·7급),38700,"판매지수 3,486",2026-04-01,2026,4
592,AI 이후의 미래 어떻게 될 것인가,16920,"판매지수 17,598",2026-05-01,2026,5
593,2027 소방직 시험대비 SO NICE 백소나 소방관계법규 1,35100,"판매지수 15,039",2026-04-01,2026,4
594,파이로매니악 3,19800,"판매지수 8,046",2026-04-01,2026,4
595,파이로매니악 1,19800,"판매지수 8,580",2026-04-01,2026,4
596,부당한 아동학대 신고에서 살아남기,18900,"판매지수 1,128",2026-04-01,2026,4
597,물리박사 김상욱의 수상한 연구실 10,15210,"판매지수 35,112",2026-04-01,2026,4
598,네모아저씨의 페이퍼 블레이드 쿼드포스,13500,"판매지수 23,955",2026-04-01,2026,4
599,2027 심우철 영기싹: 영어 기초 싹쓸이,27000,"판매지수 6,426",2026-04-01,2026,4
600,너라는 우주,17820,"판매지수 22,989",2026-04-01,2026,4
601,황천의 츠가이 10 더블특전판,5850,"판매지수 30,093",2026-04-01,2026,4
602,권력중독,17100,"판매지수 9,927",2026-04-01,2026,4
603,2026 개정증보판 시대에듀 SK하이닉스 고졸/전문대졸 온라인 필기시험 통합기본서,22500,"판매지수 4,704",2026-04-01,2026,4
604,정모 박사의 지구 멸망 프로젝트 : 작전03. 이기적 유전자를 키워라,15120,"판매지수 4,071",2026-03-01,2026,3
605,인생의 오후에도 축제는 벌어진다,15300,"판매지수 8,949",2026-04-01,2026,4
606,왕과 사는 남자 각본집,16200,"판매지수 104,853",2026-04-01,2026,4
607,3040 부린이 처음 부동산 투자,21600,"판매지수 20,625",2026-04-01,2026,4
608,2026 헝그리스포츠 스포츠지도사 보디빌딩 실기·구술 (5종 자격증 포함) + 100% 무료강의,26100,"판매지수 14,076",2026-03-01,2026,3
609,용궁장의 고백,15120,"판매지수 2,982",2026-03-01,2026,3
610,초등 과학 진짜 문해력 3-1,12600,"판매지수 15,837",2026-03-01,2026,3
611,초등 사회 진짜 문해력 3-1,12600,"판매지수 14,235",2026-03-01,2026,3
612,양배추를 응원해 주세요,11520,"판매지수 15,330",2026-03-01,2026,3
613,누구나 혼자 서는 순간이 온다,16200,"판매지수 13,497",2026-04-01,2026,4
614,2027 LEET 대비 파이널 실전 모의고사 [언어이해],35100,"판매지수 4,680",2026-03-01,2026,3
615,2026 독학사 한권으로 끝내기 가정학원론 (독학사 가정 2단계),19800,"판매지수 7,584",2025-03-01,2025,3
616,인생 마지막에 쓰는 주식투자 교과서,22500,"판매지수 74,472",2026-03-01,2026,3
617,아이의 친구 관계,18000,"판매지수 35,304",2026-03-01,2026,3
618,2026 이동기 영어 실전동형 모의고사 Vol.1: [16회]: 온라인 동영상 강의 무료 제공,22500,"판매지수 36,246",2026-03-01,2026,3
619,정답은 있다,16200,"판매지수 42,957",2026-02-01,2026,2
620,2027 해커스 사회복지사 1급 한권합격+무료특강 (8영역 이론+최신기출+기출 OX),36000,"판매지수 6,405",2026-02-01,2026,2
621,지금 있는 그대로 충분해,15300,"판매지수 22,767",2026-02-01,2026,2
622,믿는 만큼 할 수 있어요,15300,"판매지수 19,362",2026-02-01,2026,2
623,구원에게,16200,"판매지수 24,585",2026-02-01,2026,2
624,나도 꽃인데 나만 그걸 몰랐네,16200,"판매지수 11,166",2026-02-01,2026,2
625,2026 선재국어 신유형 매일 국어 시즌 4 전 범위 반쪽 모의고사,15300,"판매지수 27,963",2026-01-01,2026,1
626,2026 민준호 행정법 실전동형 모의고사 (최최개사기),19800,"판매지수 24,018",2026-01-01,2026,1
627,친밀한 가해자,12600,"판매지수 18,351",2026-01-01,2026,1
628,리플레이,12150,"판매지수 13,119",2026-01-01,2026,1
629,2026 이기적 AI-POT AI 프롬프트활용능력 1급 기본서,26100,"판매지수 10,089",2026-02-01,2026,2
630,2026 문동균 한국사 문단속 적중 최종병기 FINAL 모의고사,14400,"판매지수 49,302",2026-01-01,2026,1
631,2026 에듀윌 산업안전기사 실기 한권끝장+무료특강 [필답형+작업형],37800,"판매지수 12,207",2026-01-01,2026,1
632,과학 어휘 천재라면,13950,"판매지수 32,499",2026-01-01,2026,1
633,읽으면서 바로 써먹는 어린이 공포의 수학 퍼즐 2,11700,"판매지수 38,382",2025-12-01,2025,12
634,흔한남매 21,15120,"판매지수 138,279",2025-12-01,2025,12
635,2026 해커스 신용분석사 2부 한권합격 이론+적중문제+모의고사,26100,"판매지수 15,474",2026-01-01,2026,1
636,정모 박사의 지구 멸망 프로젝트 : 작전02. 지구 에너지를 없애라,14220,"판매지수 1,788",2025-11-01,2025,11
637,길을 찾는 책 도덕경,16020,"판매지수 22,248",2025-11-01,2025,11
638,내 친구는 왜 그럴까?,15120,"판매지수 46,599",2025-12-01,2025,12
639,"참 잘했다, 그걸로 충분하다",16200,"판매지수 15,423",2025-11-01,2025,11
640,2026 해커스 한국사능력검정시험 심화(1·2·3급) 한능검 시대별 기출문제집,17550,"판매지수 18,225",2026-01-01,2026,1
641,내 인생 최악의 일주일 6 토요일,12600,"판매지수 9,612",2025-11-01,2025,11
642,해커스 Updated 토플 리스닝 (Hackers Updated TOEFL LISTENING),29700,"판매지수 43,758",2025-11-01,2025,11
643,해커스 Updated 토플 리스닝 베이직 (Hackers Updated TOEFL LISTENING BASIC),20700,"판매지수 14,403",2025-11-01,2025,11
644,이병한의 테크노-차이나 탐문,16200,"판매지수 21,162",2025-11-01,2025,11
645,도덕감정론,22500,"판매지수 6,888",2025-11-01,2025,11
646,과학사를 알면 과학이 재밌어! 1 : 과학자의 탄생,15300,"판매지수 6,228",2025-09-01,2025,9
647,나는 메트로폴리탄 미술관의 경비원입니다 (25만 부 기념 전면 개정판),16650,"판매지수 33,303",2025-09-01,2025,9
648,오늘이 내일을 데려올 거야,16200,"판매지수 55,386",2025-09-01,2025,9
649,트렌드 코리아 2026,18000,"판매지수 384,861",2025-09-01,2025,9
650,2026 문동균 한국사 기출은 문동균,27000,"판매지수 73,182",2025-08-01,2025,8
651,2026 이기적 컴퓨터활용능력 2급 필기+실기 올인원,26100,"판매지수 51,039",2025-08-01,2025,8
652,2026 에듀윌 KBS한국어능력시험 한권끝장+무료특강,31500,"판매지수 22,722",2025-07-01,2025,7
653,엄마를 만나러 가는 길 2,16020,"판매지수 31,941",2025-08-01,2025,8
654,청춘의 독서,17010,"판매지수 323,313",2025-04-01,2025,4
655,교사를 지키는 단단한 학급경영,16200,"판매지수 57,480",2025-04-01,2025,4
656,별에게,15120,"판매지수 59,970",2025-03-01,2025,3
657,초판본 오만과 편견,4950,"판매지수 33,132",2025-03-01,2025,3
658,4×4의 세계,12420,"판매지수 22,599",2025-03-01,2025,3
659,독끝 NCS 문제해결능력 자원관리능력 460제,29700,"판매지수 31,512",2025-03-01,2025,3
660,초판본 싯다르타,2690,"판매지수 46,905",2025-02-01,2025,2
661,초판본 변신,2690,"판매지수 39,570",2025-02-01,2025,2
662,황천의 츠가이 7,5850,"판매지수 11,910",2025-01-01,2025,1
663,수학의 언어로 세상을 본다면,16020,"판매지수 4,995",2024-11-01,2024,11
664,불량한 자전거 여행 4,12420,"판매지수 12,690",2024-09-01,2024,9
665,수학이 생명의 언어라면,16200,"판매지수 18,219",2024-09-01,2024,9
666,내 인생 최악의 일주일 1 월요일,12600,"판매지수 7,194",2024-08-01,2024,8
667,비폭력대화,18000,"판매지수 36,429",2024-08-01,2024,8
668,백년목2 치료편,19800,"판매지수 33,900",2024-07-01,2024,7
669,천재 의사 시건방 1,11700,"판매지수 2,616",2024-07-01,2024,7
670,해커스공무원 영문법 합격생 필기노트,10710,"판매지수 13,290",2025-09-01,2025,9
671,백년목1 진단편,19800,"판매지수 22,920",2024-06-01,2024,6
672,착! 붙는 일본어 단어장,13320,"판매지수 22,467",2024-05-01,2024,5
673,빨모쌤의 라이브 영어회화,19800,"판매지수 58,395",2024-04-01,2024,4
674,향기로운 꽃은 늠름하게 핀다 7,5400,"판매지수 22,584",2024-03-01,2024,3
675,감정 호텔,13500,"판매지수 65,493",2024-02-01,2024,2
676,수족관,15930,"판매지수 12,678",2023-12-01,2023,12
677,이반 일리치의 죽음,10800,"판매지수 30,087",2023-12-01,2023,12
678,친구의 전설,15120,"판매지수 33,711",2023-11-01,2023,11
679,강남은 거대한 정신 병동이다,15000,"판매지수 4,080",2023-09-01,2023,9
680,월든에서 보낸 소로의 시간,16020,판매지수 444,2023-08-01,2023,8
681,불량한 자전거 여행 3,10800,"판매지수 12,879",2023-03-01,2023,3
682,세상의 마지막 기차역,15120,"판매지수 60,627",2022-05-01,2022,5
683,잔소리 먹는 전화,10800,판매지수 558,2022-04-01,2022,4
684,삼체 1부,15300,"판매지수 12,264",2022-02-01,2022,2
685,제로 투 원 (10주년 기념판),16200,"판매지수 86,922",2025-04-01,2025,4
686,밝은 밤,15300,"판매지수 35,487",2021-07-01,2021,7
687,일의 격,16200,"판매지수 18,717",2021-07-01,2021,7
688,불편한 편의점,15120,"판매지수 66,024",2021-04-01,2021,4
689,한국의 새,27000,"판매지수 18,291",2020-12-01,2020,12
690,사회통합프로그램(KIIP) 한국사회 이해: 기본(최신정보 반영),10000,"판매지수 8,952",2020-12-01,2020,12
691,풀잎 국수,11700,"판매지수 10,641",2020-08-01,2020,8
692,동아 연세 초등 국어사전,32400,"판매지수 26,469",2020-01-01,2020,1
693,구름빵,11700,"판매지수 24,402",2019-12-01,2019,12
694,보리 국어사전 (2025년 최신판),63000,"판매지수 18,777",2025-03-01,2025,3
695,"달려라, 아비",13500,"판매지수 21,930",2019-09-01,2019,9
696,해커스톡 여행영어 10분의 기적,8820,"판매지수 51,657",2023-03-01,2023,3
697,부자 아빠 가난한 아빠 20주년 특별 기념판,15300,"판매지수 70,626",2018-02-01,2018,2
698,용의자 X의 헌신,16920,"판매지수 45,801",2017-08-01,2017,8
699,해가 지는 곳으로,12600,"판매지수 22,035",2017-06-01,2017,6
700,해커스 아이엘츠 스피킹 Hackers IELTS Speaking,22410,"판매지수 32,664",2024-08-01,2024,8
701,왜 세계의 절반은 굶주리는가?,11520,"판매지수 34,056",2016-03-01,2016,3
702,세계를 바꾼 17가지 방정식,18000,"판매지수 13,929",2016-02-01,2016,2
703,멋진 신세계,12420,"판매지수 47,643",2015-06-01,2015,6
704,완득이,13500,"판매지수 11,829",2008-03-01,2008,3
705,한여름밤의 꿈,7200,"판매지수 7,776",2008-02-01,2008,2
706,변신,9900,"판매지수 20,703",2005-07-01,2005,7
707,코스모스,45000,"판매지수 26,640",2004-12-01,2004,12
708,연금술사,12150,"판매지수 28,149",2001-12-01,2001,12
709,거미 여인의 키스,11700,"판매지수 9,624",2000-06-01,2000,6
710,마담 보바리,10800,"판매지수 4,974",2000-02-01,2000,2
711,희망,17820,"판매지수 31,515",2020-06-01,2020,6
712,넛지 디자인,17820,"판매지수 3,828",2026-05-01,2026,5
713,초코송이 상자가 열리면,13500,"판매지수 11,544",2026-04-01,2026,4
714,AI 실전 마스터 칼릭스의 프롬프트 디테일,19800,"판매지수 7,554",2026-04-01,2026,4
715,만들면서 배우는 AI 에이전트 개발 입문+실전,33300,"판매지수 3,564",2026-05-01,2026,5
716,우리는 언제 어른이 되는가,18000,"판매지수 9,897",2026-04-01,2026,4
717,나의 친구들,16920,"판매지수 26,244",2026-03-01,2026,3
718,행동하지 않으면 인생은 바뀌지 않는다,15210,"판매지수 105,885",2024-11-01,2024,11
719,바다에 스친 초록,15120,판매지수 630,2026-05-01,2026,5
720,지옥선생 누베 신장판 13,10800,판매지수 480,2026-05-01,2026,5
721,2026 국가직 경향을 반영한 진짜 공무원 모의고사 시즌 3,8100,판매지수 600,2026-05-01,2026,5
722,영모단편선 한정판,27000,"판매지수 4,980",2026-06-01,2026,6
723,별정직 공무원 4 특별판,36000,"판매지수 7,380",2026-05-01,2026,5
724,2026 해커스 재무위험관리사 한권합격 핵심개념+적중문제,29610,판매지수 360,2026-05-01,2026,5
725,COMPACT 형법,34000,"판매지수 1,350",2026-05-01,2026,5
726,전생했더니 슬라임이었던 건에 대하여 이문 ~마국에 사는 트리니티~ 11,6300,"판매지수 2,340",2026-05-01,2026,5
727,초록쪽으로 이사했습니다,10800,"판매지수 4,980",2026-05-01,2026,5
728,어린 임금 단종 이야기,13500,판매지수 420,2026-05-01,2026,5
729,나는 사후세계를 기억한다,16200,"판매지수 2,388",2026-05-01,2026,5
730,잉툰TV 생활영어 300,17100,"판매지수 2,772",2026-07-01,2026,7
731,용궁 공주와 솜사탕,15300,"판매지수 2,151",2026-05-01,2026,5
732,박종훈의 미국주식투자 레시피,18000,"판매지수 19,302",2026-04-01,2026,4
733,100일 신문 100점 독해 : 국제편,17820,"판매지수 1,776",2026-04-01,2026,4
734,가짜 환자,16200,"판매지수 6,996",2026-04-01,2026,4
735,오! 나의 여신님 신장판 23,13500,"판매지수 5,832",2026-04-01,2026,4
736,2027 심슨 구문,16200,"판매지수 6,582",2026-04-01,2026,4
737,파이로매니악 2,19800,"판매지수 8,064",2026-04-01,2026,4
738,나는 부동산에 가지 않고 SNS로 분양권을 산다,19800,"판매지수 12,975",2026-04-01,2026,4
739,미스테이크 밀리어네어,19800,"판매지수 9,585",2026-04-01,2026,4
740,2026 SK하이닉스 Maintenance/Operator SKCT,16200,"판매지수 4,707",2026-04-01,2026,4
741,바이브 코더를 위한 최소한의 AI/IT 지식,19800,"판매지수 6,003",2026-04-01,2026,4
742,2027 LEET 대비 파이널 엄선 모의고사 언어이해 3회분,26600,"판매지수 7,569",2026-04-01,2026,4
743,제5공화국 전두환 시대 1,31500,"판매지수 5,622",2026-04-01,2026,4
744,하이엔드 아비투스,17820,"판매지수 7,410",2026-05-01,2026,5
745,야마다 군과 Lv999의 사랑을 하다 7,7200,"판매지수 31,968",2026-04-01,2026,4
746,원펀맨 ONE PUNCH MAN 34 특별판,31500,"판매지수 9,636",2026-04-01,2026,4
747,GV 빌런 고태경,16650,"판매지수 7,377",2026-04-01,2026,4
748,이게 되네? 오픈클로 미친 활용법 50제,21600,"판매지수 14,037",2026-05-01,2026,5
749,생각이 쉬는 사이,17820,"판매지수 11,931",2026-04-01,2026,4
750,반딧불이의 혼례 10,7650,"판매지수 23,748",2026-04-01,2026,4
751,오무라이스 잼잼 16,18900,"판매지수 16,809",2026-04-01,2026,4
752,투자 불패의 법칙,26820,"판매지수 28,080",2026-03-01,2026,3
753,버티는 시간을 위하여,16200,"판매지수 8,511",2026-04-01,2026,4
754,포켓몬 대도감 1020+,13500,"판매지수 8,937",2026-03-01,2026,3
755,은하수를 여행하는 히치하이커를 위한 안내서 합본,63900,"판매지수 23,073",2005-12-01,2005,12
756,디지털로 쉬워지는 개념 기반 탐구 학습 (AI 에듀테크 수업 가이드),19000,"판매지수 7,167",2026-03-01,2026,3
757,JLPT(일본어능력시험) 한권으로 끝내기 N1,25200,"판매지수 13,068",2026-03-01,2026,3
758,2026 박문각 공무원 진가영 영어 FINAL 봉투모의고사 Vol.2,12600,"판매지수 6,267",2026-03-01,2026,3
759,다정함의 배신,18000,"판매지수 10,203",2026-03-01,2026,3
760,읽는 교실,29700,"판매지수 5,844",2026-03-01,2026,3
761,2026 시대에듀 청소년상담사 2급 한권으로 끝내기,41400,"판매지수 3,312",2026-05-01,2026,5
762,500가지 건축으로 읽는 세계사,22500,"판매지수 16,305",2026-03-01,2026,3
763,내 인생 최악의 일주일 7 일요일,12600,"판매지수 8,352",2026-03-01,2026,3
764,"2026 에듀윌 공인중개사 1차 핵심요약집+기출팩(부동산학개론, 민법 및 민사특별법)",30600,"판매지수 2,160",2026-03-01,2026,3
765,윤여정의 2028 대입 완전 정복,19800,"판매지수 13,659",2026-02-01,2026,2
766,2026 해커스군무원 실전동형모의고사 국어 16회분 (9·7급 군무원),20610,"판매지수 9,378",2026-02-01,2026,2
767,럭키 펀치,13500,"판매지수 5,406",2026-02-01,2026,2
768,체인소 맨 22,5400,"판매지수 25,242",2026-02-01,2026,2
769,2026 [직8딴] 김영북스 직접 8일 만에 딴 산업안전기사 실기 (필답형+작업형),34200,"판매지수 15,786",2026-04-01,2026,4
770,2026 황철곤 행정학 최근 1개년 기출문제집,10800,"판매지수 18,708",2026-02-01,2026,2
771,생각하라 그리고 부자가 되어라,16200,"판매지수 10,458",2026-02-01,2026,2
772,어린이 탐구 생활,15120,"판매지수 8,661",2026-01-01,2026,1
773,2026 이기적 정보통신기사 필기+실기 올인원,44100,"판매지수 4,179",2026-02-01,2026,2
774,2026 [직8딴] 김영북스 직접 8일 만에 딴 산업안전기사 필기,34200,"판매지수 23,172",2026-02-01,2026,2
775,거의 모든 것의 역사 2.0,25200,"판매지수 15,867",2026-01-01,2026,1
776,2026 굿잡! 하지영쌤 직업상담사 2급 실기 기출문제 + 100% 무료강의,29700,"판매지수 8,316",2025-12-01,2025,12
777,"요즘 교사를 위한 에듀테크 5대장 : 캔바, 패들렛, 북크리에이터, 노션, 챗GPT∙제미나이",17820,"판매지수 34,761",2025-12-01,2025,12
778,곤충 찜질방,15300,"판매지수 13,923",2026-01-01,2026,1
779,2026 시대에듀 한국실용글쓰기 실제 기출로 끝내기,18000,"판매지수 31,761",2026-02-01,2026,2
780,흔한남매의 흔한 호기심 14,15120,"판매지수 41,046",2025-12-01,2025,12
781,포에버 스트롱,20700,"판매지수 8,973",2025-12-01,2025,12
782,2026 에듀윌 주택관리사 1차 단원별 기출문제집,29700,"판매지수 10,419",2026-01-01,2026,1
783,2026 해커스 신용분석사 1부 한권합격 이론+적중문제+모의고사,26100,"판매지수 15,267",2026-01-01,2026,1
784,국보 : 하 · 화도 편,16200,"판매지수 11,058",2025-11-01,2025,11
785,2026 시나공 정보처리기사 필기 기출문제집,20700,"판매지수 10,212",2026-01-01,2026,1
786,해커스 Updated 토플 리딩 (Hackers Updated TOEFL READING),26100,"판매지수 49,377",2025-11-01,2025,11
787,2026 에듀윌 전기 전기기능사 필기 한권끝장 (핵심이론+8개년 기출),25200,"판매지수 22,821",2025-10-01,2025,10
788,2026 시나공 정보처리기사 필기 기본서,31500,"판매지수 23,409",2025-11-01,2025,11
789,2026 한 권으로 끝내는 시나공 컴활 1급 필기+실기(컴퓨터활용능력 1급),36000,"판매지수 35,148",2025-10-01,2025,10
790,나는 3학년 2반 전설의 애벌레,9900,"판매지수 30,783",2025-10-01,2025,10
791,100일 신문 100점 독해 : 국내편,17820,"판매지수 13,065",2025-10-01,2025,10
792,어른의 품위,17550,"판매지수 58,494",2025-10-01,2025,10
793,2026 굿잡!하지영쌤 직업상담사 2급 필기 기출문제,31500,"판매지수 14,997",2025-09-01,2025,9
794,주식투자 단기 트레이딩의 정석,29700,"판매지수 32,928",2025-09-01,2025,9
795,위대한 나의 발견 강점혁명,27000,"판매지수 35,085",2025-09-01,2025,9
796,미술관 여행자를 위한 도슨트 북,29700,"판매지수 68,430",2025-10-01,2025,10
797,바로 배워서 바로 써먹는 바이브 코딩,19800,"판매지수 21,654",2025-09-01,2025,9
798,말뚝들,15120,"판매지수 43,056",2025-08-01,2025,8
799,가공범,19800,"판매지수 135,222",2025-07-01,2025,7
800,2026 써니 행정법총론 핵심집약,28800,"판매지수 82,362",2025-07-01,2025,7
801,"어서 오세요, 공룡 박사님의 마음 상담소",15300,"판매지수 29,397",2025-06-01,2025,6
802,여름은 고작 계절,15750,"판매지수 43,914",2025-06-01,2025,6
803,엄마를 만나러 가는 길 1,16020,"판매지수 32,121",2025-08-01,2025,8
804,고전이 답했다 마땅히 가져야 할 부에 대하여,16020,"판매지수 105,501",2025-07-01,2025,7
805,서아쌤의 토익 비밀과외 START,15120,"판매지수 21,921",2025-06-01,2025,6
806,2026 문동균 한국사 한 권으로 모든 것을 정리하는 판서노트,15300,"판매지수 74,409",2025-06-01,2025,6
807,순간을 달리는 할머니 2,16200,"판매지수 30,318",2025-06-01,2025,6
808,순간을 달리는 할머니 1,16200,"판매지수 34,770",2025-06-01,2025,6
809,맞춤법 천재라면,13500,"판매지수 57,156",2025-06-01,2025,6
810,사는 동안 틈틈이 행복합시다,16020,"판매지수 51,471",2025-05-01,2025,5
811,요즘 교사를 위한 AI 수업 활용 가이드 with 2022 개정 교육과정,18000,"판매지수 93,798",2025-05-01,2025,5
812,어스플러스 1 : 어스플러스 탐험대 플루,14220,"판매지수 22,944",2025-04-01,2025,4
813,특이점이 온다,37800,"판매지수 20,574",2025-03-01,2025,3
814,독끝 NCS 수리능력·응용수리 500제,26100,"판매지수 30,324",2025-03-01,2025,3
815,"다시, 공부머리 독서법: 영유아, 초등 저학년 편",17100,"판매지수 24,735",2025-03-01,2025,3
816,해커스 LEET(리트) 이재빈 언어이해 기본,25200,"판매지수 6,804",2025-01-01,2025,1
817,천 번을 흔들리며 아이는 어른이 됩니다,16020,"판매지수 21,576",2024-10-01,2024,10
818,돈에 대해 생각하고 또 생각하라,15300,"판매지수 3,918",2024-10-01,2024,10
819,행운이 구르는 속도,11700,"판매지수 49,485",2024-09-01,2024,9
820,황천의 츠가이 6 일반판,5850,"판매지수 8,202",2024-08-01,2024,8
821,열다섯에 곰이라니 2,13500,"판매지수 19,338",2024-08-01,2024,8
822,불안 세대,22320,"판매지수 44,181",2024-07-01,2024,7
823,영어로 문장 만들기 훈련 1차 임계점,19800,"판매지수 66,579",2024-07-01,2024,7
824,내 언어의 한계는 내 세계의 한계이다,16920,"판매지수 28,020",2024-05-01,2024,5
825,향기로운 꽃은 늠름하게 핀다 8,5400,"판매지수 21,582",2024-05-01,2024,5
826,율의 시선,11700,"판매지수 47,244",2024-04-01,2024,4
827,히든 픽처스,12600,"판매지수 34,983",2024-05-01,2024,5
828,가시고기,15300,"판매지수 42,738",2024-02-01,2024,2
829,불변의 법칙,22500,"판매지수 88,080",2024-02-01,2024,2
830,청소년을 위한 경제의 역사,15300,"판매지수 39,333",2024-01-01,2024,1
831,흐르는 강물처럼,15300,"판매지수 15,384",2024-01-01,2024,1
832,10대를 위한 돈으로 살 수 없는 것들,13500,"판매지수 9,030",2023-12-01,2023,12
833,ETS 토익 정기시험 기출문제집 1000 Vol. 4 LC,17820,"판매지수 213,942",2023-12-01,2023,12
834,향기로운 꽃은 늠름하게 핀다 2,5400,"판매지수 22,542",2023-10-01,2023,10
835,오십에 읽는 주역,15300,"판매지수 42,561",2023-10-01,2023,10
836,여름을 한 입 베어 물었더니,12150,"판매지수 79,224",2023-08-01,2023,8
837,향기로운 꽃은 늠름하게 핀다 1,5400,"판매지수 23,544",2023-08-01,2023,8
838,부분과 전체,20700,"판매지수 19,083",2023-06-01,2023,6
839,역행자 확장판,17550,"판매지수 28,146",2023-05-01,2023,5
840,황천의 츠가이 3 일반판,5850,"판매지수 10,830",2023-05-01,2023,5
841,칩 워,25200,"판매지수 13,266",2023-05-01,2023,5
842,도둑맞은 집중력,16920,"판매지수 40,392",2024-06-01,2024,6
843,아비투스,19800,"판매지수 54,885",2023-03-01,2023,3
844,나와 너의 365일,13950,"판매지수 16,644",2023-03-01,2023,3
845,국가공인 산업보안관리사 적중예상문제집,27000,"판매지수 7,800",2025-07-01,2025,7
846,수확자,16650,"판매지수 16,752",2023-02-01,2023,2
847,일본어 상용한자 무작정 따라하기 1,23400,"판매지수 26,760",2023-01-01,2023,1
848,영어회화 핵심패턴 233,16200,"판매지수 28,443",2023-01-01,2023,1
849,만일 내가 인생을 다시 산다면 (35만 부 기념 스페셜 에디션),15480,"판매지수 24,663",2022-11-01,2022,11
850,나는 오래된 거리처럼 너를 사랑하고,10800,"판매지수 30,852",2022-08-01,2022,8
851,황천의 츠가이 1,5850,"판매지수 11,832",2022-08-01,2022,8
852,인류 최초의 문명과 이스라엘,25000,"판매지수 14,310",2022-07-01,2022,7
853,사서함 110호의 우편물,15300,"판매지수 35,226",2022-07-01,2022,7
854,해커스 JLPT(일본어능력시험)기출단어장 N5-N3,12510,"판매지수 70,080",2024-07-01,2024,7
855,한국단편소설 50,16920,"판매지수 74,121",2021-10-01,2021,10
856,해커스 일본어 JLPT N5 (일본어능력시험) 한 권으로 합격,24210,"판매지수 42,054",2024-07-01,2024,7
857,재미있고 빠른 알파벳 쓰기,6750,"판매지수 24,213",2021-07-01,2021,7
858,일본어 한자암기박사,16200,"판매지수 16,938",2025-09-01,2025,9
859,프레임,19800,"판매지수 29,037",2024-09-01,2024,9
860,나는 강물처럼 말해요,11700,"판매지수 9,432",2021-01-01,2021,1
861,사탕 트리,11700,"판매지수 18,711",2020-12-01,2020,12
862,정재승의 과학콘서트,16920,"판매지수 21,207",2020-07-01,2020,7
863,수학의 쓸모,19800,"판매지수 29,481",2020-04-01,2020,4
864,걱정 상자,10800,"판매지수 7,158",2019-06-01,2019,6
865,100 인생 그림책,19800,"판매지수 21,111",2019-02-01,2019,2
866,세상에서 제일 재밌는 종이접기,12600,"판매지수 46,119",2018-08-01,2018,8
867,방구석 미술관,16020,"판매지수 30,528",2018-08-01,2018,8
868,엄마는 왜 화만 낼까?,14220,"판매지수 15,528",2018-04-01,2018,4
869,회색 인간,11700,"판매지수 56,451",2017-12-01,2017,12
870,해커스 아이엘츠 리스닝 Hackers IELTS Listening,19710,"판매지수 34,836",2024-08-01,2024,8
871,해커스 아이엘츠 리딩 Hackers IELTS Reading,19710,"판매지수 37,410",2024-08-01,2024,8
872,갈매기/세 자매/바냐 아저씨/벚꽃 동산,10800,"판매지수 7,968",2016-09-01,2016,9
873,시지프 신화,10800,"판매지수 32,076",2016-06-01,2016,6
874,이토록 공부가 재미있어지는 순간,16200,"판매지수 73,896",2023-08-01,2023,8
875,악당의 무게,11700,"판매지수 22,971",2014-10-01,2014,10
876,소피가 화나면 정말 정말 화나면,10800,"판매지수 8,469",2013-11-01,2013,11
877,돈으로 살 수 없는 것들,16200,"판매지수 24,180",2012-04-01,2012,4
878,보도 섀퍼의 돈,15030,"판매지수 19,182",2011-05-01,2011,5
879,페스트,12600,"판매지수 24,315",2011-03-01,2011,3
880,영어순해 4th Edition,18900,"판매지수 46,428",2011-02-01,2011,2
881,그리스인 조르바,13320,"판매지수 19,068",2009-12-01,2009,12
882,프랑켄슈타인,11700,"판매지수 9,468",2007-04-01,2007,4
883,사과가 쿵!,9900,"판매지수 34,902",2006-07-01,2006,7
884,명상록,12350,"판매지수 13,614",2005-11-01,2005,11
885,자기 앞의 생,14400,"판매지수 37,326",2003-05-01,2003,5
886,수레바퀴 아래서,7200,"판매지수 30,360",2001-08-01,2001,8
887,고도를 기다리며,8100,"판매지수 31,959",2000-11-01,2000,11
888,삶의 한가운데,11700,"판매지수 10,476",1999-06-01,1999,6
889,강아지똥,12600,"판매지수 35,271",1996-04-01,1996,4
890,파우스트 2,11700,"판매지수 12,786",1999-03-01,1999,3
891,파우스트 1,9900,"판매지수 13,344",1999-03-01,1999,3
892,누가 내 머리에 똥쌌어?,9900,"판매지수 26,304",2002-01-01,2002,1
893,여러 개의 북을 두드리며,17820,"판매지수 4,116",2026-04-01,2026,4
894,시니어 스트레칭,16200,"판매지수 1,122",2026-05-01,2026,5
895,탁월한 피해자,17820,"판매지수 1,410",2026-05-01,2026,5
896,어느 날 수학이 재밌어졌습니다,15300,"판매지수 4,614",2026-05-01,2026,5
897,나는 시골에서 재미있게 살기로 했다,17820,"판매지수 5,745",2026-05-01,2026,5
898,초한지 인생 공부,17550,"판매지수 6,684",2026-05-01,2026,5
899,별세상 미용실,13500,"판매지수 17,202",2026-05-01,2026,5
